<?xml version="1.0"?>
<!--<!DOCTYPE metadata SYSTEM "http://www.esri.com/metadata/esriprof80.dtd">-->
<metadata xml:lang="en"><Esri><CreaDate>20080806</CreaDate><CreaTime>14114400</CreaTime><SyncOnce>FALSE</SyncOnce><DataProperties><lineage><Process Name="Create Feature Class" ToolSource="C:\Program Files\ArcGIS\ArcToolbox\Toolboxes\Data Management Tools.tbx\CreateFeatureclass" Date="20080213" Time="122204">CreateFeatureclass "Database Connections\sde_instar.sde" testtblloc # DBO_Layer SAME_AS_TEMPLATE SAME_AS_TEMPLATE "PROJCS['Lambert_Conformal_Conic_Virginia',GEOGCS['GCS_North_American_1983',DATUM['D_North_American_1983',SPHEROID['GRS_1980',6378137.0,298.257222101]],PRIMEM['Greenwich',0.0],UNIT['Degree',0.0174532925199433]],PROJECTION['Lambert_Conformal_Conic'],PARAMETER['False_Easting',0.0],PARAMETER['False_Northing',0.0],PARAMETER['Central_Meridian',-79.5],PARAMETER['Standard_Parallel_1',37.0],PARAMETER['Standard_Parallel_2',39.5],PARAMETER['Latitude_Of_Origin',36.0],UNIT['Meter',1.0]];-374510.097562167 53741.4350204611 2874.31306336736;0 1;0 1" # 0 0 0 "Database Connections\sde_instar.sde\SDE_INSTAR.DBO.testtblloc"</Process><Process Name="Append" ToolSource="C:\Program Files\ArcGIS\ArcToolbox\Toolboxes\Data Management Tools.tbx\Append" Date="20080213" Time="122205">Append DBO_Layer "Database Connections\sde_instar.sde\SDE_INSTAR.DBO.testtblloc" TEST "Database Connections\sde_instar.sde\SDE_INSTAR.DBO.testtblloc"</Process><Process Name="FeatureClassToFeatureClass_1" ToolSource="C:\Program Files\ArcGIS\ArcToolbox\Toolboxes\Conversion Tools.tbx\FeatureClassToFeatureClass" Date="20080213" Time="122206">FeatureClassToFeatureClass "Database Connections\sde_instar.sde\sde_instar.DBO.tblLocation" "Database Connections\sde_instar.sde" testtblloc # "OBJECTID OBJECTID VISIBLE;LOC_ID LOC_ID VISIBLE;LOC_CODE LOC_CODE VISIBLE;LOC_NAME LOC_NAME VISIBLE;DSWCHU1 DSWCHU1 VISIBLE;MIBI_SCORE MIBI_SCORE VISIBLE;STREAM STREAM VISIBLE;DRAINAGE DRAINAGE VISIBLE;STREAM_ORDER STREAM_ORDER VISIBLE;BEAVER BEAVER VISIBLE;NOTES NOTES VISIBLE;VSS VSS VISIBLE;PHYS_PROV PHYS_PROV VISIBLE;SITECODE SITECODE VISIBLE;X X VISIBLE;Y Y VISIBLE;SITECODE_6 SITECODE_6 VISIBLE;VAHU6 VAHU6 VISIBLE;HUC_12 HUC_12 VISIBLE;HU_12_DS HU_12_DS VISIBLE;AGENCY AGENCY VISIBLE;MODEL_NUM MODEL_NUM VISIBLE;DATE_LOC_C DATE_LOC_C VISIBLE;PROTECT PROTECT VISIBLE" SAME_AS_TEMPLATE SAME_AS_TEMPLATE # 0 "Database Connections\sde_instar.sde\SDE_INSTAR.DBO.testtblloc"</Process><Process Name="FeatureClassToFeatureClass_1" ToolSource="C:\Program Files\ArcGIS\ArcToolbox\Toolboxes\Conversion Tools.tbx\FeatureClassToFeatureClass" Date="20080310" Time="082004">FeatureClassToFeatureClass "Database Connections\SDE_INSTAR on THETIS.sde\SDE_INSTAR.DBO.tblLocation" "Database Connections\SDE_INSTAR on THETIS.sde" tblloctry1 # "OBJECTID OBJECTID true true false 8 Double 0 10 ,First,#,Database Connections\SDE_INSTAR on THETIS.sde\SDE_INSTAR.DBO.tblLocation,OBJECTID,-1,-1;LOC_ID LOC_ID true true false 8 Double 0 10 ,First,#,Database Connections\SDE_INSTAR on THETIS.sde\SDE_INSTAR.DBO.tblLocation,LOC_ID,-1,-1;LOC_CODE LOC_CODE true true false 8 Text 0 0 ,First,#,Database Connections\SDE_INSTAR on THETIS.sde\SDE_INSTAR.DBO.tblLocation,LOC_CODE,-1,-1;LOC_NAME LOC_NAME true true false 51 Text 0 0 ,First,#,Database Connections\SDE_INSTAR on THETIS.sde\SDE_INSTAR.DBO.tblLocation,LOC_NAME,-1,-1;DSWCHU1 DSWCHU1 true true false 5 Text 0 0 ,First,#,Database Connections\SDE_INSTAR on THETIS.sde\SDE_INSTAR.DBO.tblLocation,DSWCHU1,-1,-1;MIBI_SCORE MIBI_SCORE true true false 4 Text 0 0 ,First,#,Database Connections\SDE_INSTAR on THETIS.sde\SDE_INSTAR.DBO.tblLocation,MIBI_SCORE,-1,-1;STREAM STREAM true true false 32 Text 0 0 ,First,#,Database Connections\SDE_INSTAR on THETIS.sde\SDE_INSTAR.DBO.tblLocation,STREAM,-1,-1;DRAINAGE DRAINAGE true true false 18 Text 0 0 ,First,#,Database Connections\SDE_INSTAR on THETIS.sde\SDE_INSTAR.DBO.tblLocation,DRAINAGE,-1,-1;STREAM_ORDER STREAM_ORDER true true false 8 Double 8 38 ,First,#,Database Connections\SDE_INSTAR on THETIS.sde\SDE_INSTAR.DBO.tblLocation,STREAM_ORDER,-1,-1;BEAVER BEAVER true true false 8 Double 0 10 ,First,#,Database Connections\SDE_INSTAR on THETIS.sde\SDE_INSTAR.DBO.tblLocation,BEAVER,-1,-1;NOTES NOTES true true false 254 Text 0 0 ,First,#,Database Connections\SDE_INSTAR on THETIS.sde\SDE_INSTAR.DBO.tblLocation,NOTES,-1,-1;VSS VSS true true false 8 Double 0 10 ,First,#,Database Connections\SDE_INSTAR on THETIS.sde\SDE_INSTAR.DBO.tblLocation,VSS,-1,-1;PHYS_PROV PHYS_PROV true true false 8 Double 0 10 ,First,#,Database Connections\SDE_INSTAR on THETIS.sde\SDE_INSTAR.DBO.tblLocation,PHYS_PROV,-1,-1;SITECODE SITECODE true true false 8 Text 0 0 ,First,#,Database Connections\SDE_INSTAR on THETIS.sde\SDE_INSTAR.DBO.tblLocation,SITECODE,-1,-1;X X true true false 8 Double 11 19 ,First,#,Database Connections\SDE_INSTAR on THETIS.sde\SDE_INSTAR.DBO.tblLocation,X,-1,-1;Y Y true true false 8 Double 11 19 ,First,#,Database Connections\SDE_INSTAR on THETIS.sde\SDE_INSTAR.DBO.tblLocation,Y,-1,-1;SITECODE_6 SITECODE_6 true true false 7 Text 0 0 ,First,#,Database Connections\SDE_INSTAR on THETIS.sde\SDE_INSTAR.DBO.tblLocation,SITECODE_6,-1,-1;VAHU6 VAHU6 true true false 4 Text 0 0 ,First,#,Database Connections\SDE_INSTAR on THETIS.sde\SDE_INSTAR.DBO.tblLocation,VAHU6,-1,-1;HUC_12 HUC_12 true true false 12 Text 0 0 ,First,#,Database Connections\SDE_INSTAR on THETIS.sde\SDE_INSTAR.DBO.tblLocation,HUC_12,-1,-1;HU_12_DS HU_12_DS true true false 12 Text 0 0 ,First,#,Database Connections\SDE_INSTAR on THETIS.sde\SDE_INSTAR.DBO.tblLocation,HU_12_DS,-1,-1;AGENCY AGENCY true true false 20 Text 0 0 ,First,#,Database Connections\SDE_INSTAR on THETIS.sde\SDE_INSTAR.DBO.tblLocation,AGENCY,-1,-1;MODEL_NUM MODEL_NUM true true false 3 Text 0 0 ,First,#,Database Connections\SDE_INSTAR on THETIS.sde\SDE_INSTAR.DBO.tblLocation,MODEL_NUM,-1,-1;DATE_LOC_C DATE_LOC_C true true false 36 Date 0 0 ,First,#,Database Connections\SDE_INSTAR on THETIS.sde\SDE_INSTAR.DBO.tblLocation,DATE_LOC_C,-1,-1;PROTECT PROTECT true true false 7 Text 0 0 ,First,#,Database Connections\SDE_INSTAR on THETIS.sde\SDE_INSTAR.DBO.tblLocation,PROTECT,-1,-1" # "Database Connections\SDE_INSTAR on THETIS.sde\sde_instar.DBO.tblloctry1"</Process><Process Name="FeatureClassToFeatureClass_1" ToolSource="C:\Program Files\ArcGIS\ArcToolbox\Toolboxes\Conversion Tools.tbx\FeatureClassToFeatureClass" Date="20080326" Time="095659">FeatureClassToFeatureClass "Database Connections\instar.sde\sde_instar.DBO.tbllocation_allfeatures" "Database Connections\instar.sde" tbllocation_allfeatures_aric # "LOC_ID LOC_ID true true false 8 Double 0 10 ,First,#,Database Connections\instar.sde\sde_instar.DBO.tbllocation_allfeatures,LOC_ID,-1,-1;LOC_CODE LOC_CODE true true false 8 Text 0 0 ,First,#,Database Connections\instar.sde\sde_instar.DBO.tbllocation_allfeatures,LOC_CODE,-1,-1;LOC_NAME LOC_NAME true true false 51 Text 0 0 ,First,#,Database Connections\instar.sde\sde_instar.DBO.tbllocation_allfeatures,LOC_NAME,-1,-1;DSWCHU1 DSWCHU1 true true false 5 Text 0 0 ,First,#,Database Connections\instar.sde\sde_instar.DBO.tbllocation_allfeatures,DSWCHU1,-1,-1;MIBI_SCORE MIBI_SCORE true true false 4 Text 0 0 ,First,#,Database Connections\instar.sde\sde_instar.DBO.tbllocation_allfeatures,MIBI_SCORE,-1,-1;STREAM STREAM true true false 32 Text 0 0 ,First,#,Database Connections\instar.sde\sde_instar.DBO.tbllocation_allfeatures,STREAM,-1,-1;DRAINAGE DRAINAGE true true false 18 Text 0 0 ,First,#,Database Connections\instar.sde\sde_instar.DBO.tbllocation_allfeatures,DRAINAGE,-1,-1;STREAM_ORDER STREAM_ORDER true true false 8 Double 8 38 ,First,#,Database Connections\instar.sde\sde_instar.DBO.tbllocation_allfeatures,STREAM_ORDER,-1,-1;BEAVER BEAVER true true false 8 Double 0 10 ,First,#,Database Connections\instar.sde\sde_instar.DBO.tbllocation_allfeatures,BEAVER,-1,-1;NOTES NOTES true true false 254 Text 0 0 ,First,#,Database Connections\instar.sde\sde_instar.DBO.tbllocation_allfeatures,NOTES,-1,-1;VSS VSS true true false 2 Short 0 5 ,First,#,Database Connections\instar.sde\sde_instar.DBO.tbllocation_allfeatures,VSS,-1,-1;PHYS_PROV PHYS_PROV true true false 8 Double 0 10 ,First,#,Database Connections\instar.sde\sde_instar.DBO.tbllocation_allfeatures,PHYS_PROV,-1,-1;SITECODE SITECODE true true false 8 Text 0 0 ,First,#,Database Connections\instar.sde\sde_instar.DBO.tbllocation_allfeatures,SITECODE,-1,-1;X X true true false 8 Double 11 19 ,First,#,Database Connections\instar.sde\sde_instar.DBO.tbllocation_allfeatures,X,-1,-1;Y Y true true false 8 Double 11 19 ,First,#,Database Connections\instar.sde\sde_instar.DBO.tbllocation_allfeatures,Y,-1,-1;SITECODE_6 SITECODE_6 true true false 7 Text 0 0 ,First,#,Database Connections\instar.sde\sde_instar.DBO.tbllocation_allfeatures,SITECODE_6,-1,-1;VAHU6 VAHU6 true true false 4 Text 0 0 ,First,#,Database Connections\instar.sde\sde_instar.DBO.tbllocation_allfeatures,VAHU6,-1,-1;HUC_12 HUC_12 true true false 12 Text 0 0 ,First,#,Database Connections\instar.sde\sde_instar.DBO.tbllocation_allfeatures,HUC_12,-1,-1;HU_12_DS HU_12_DS true true false 12 Text 0 0 ,First,#,Database Connections\instar.sde\sde_instar.DBO.tbllocation_allfeatures,HU_12_DS,-1,-1;AGENCY AGENCY true true false 20 Text 0 0 ,First,#,Database Connections\instar.sde\sde_instar.DBO.tbllocation_allfeatures,AGENCY,-1,-1;MODEL_NUM MODEL_NUM true true false 3 Text 0 0 ,First,#,Database Connections\instar.sde\sde_instar.DBO.tbllocation_allfeatures,MODEL_NUM,-1,-1;DATE_LOC_C DATE_LOC_C true true false 36 Date 0 0 ,First,#,Database Connections\instar.sde\sde_instar.DBO.tbllocation_allfeatures,DATE_LOC_C,-1,-1;PROTECT PROTECT true true false 7 Text 0 0 ,First,#,Database Connections\instar.sde\sde_instar.DBO.tbllocation_allfeatures,PROTECT,-1,-1;NEW_VSS NEW_VSS true true false 2 Short 0 5 ,First,#,Database Connections\instar.sde\sde_instar.DBO.tbllocation_allfeatures,NEW_VSS,-1,-1" # "Database Connections\instar.sde\sde_instar.DBO.tbllocation_allfeatures_aric"</Process><Process Name="FeatureClassToFeatureClass_1" ToolSource="C:\Program Files\ArcGIS\ArcToolbox\Toolboxes\Conversion Tools.tbx\FeatureClassToFeatureClass" Date="20080326" Time="103908">FeatureClassToFeatureClass "Database Connections\instar.sde\sde_instar.DBO.tbllocation" "Database Connections\instar.sde" tblLocation_fixed # "LOC_ID LOC_ID true true false 8 Double 0 10 ,First,#,Database Connections\instar.sde\sde_instar.DBO.tbllocation,LOC_ID,-1,-1;LOC_CODE LOC_CODE true true false 8 Text 0 0 ,First,#,Database Connections\instar.sde\sde_instar.DBO.tbllocation,LOC_CODE,-1,-1;LOC_NAME LOC_NAME true true false 51 Text 0 0 ,First,#,Database Connections\instar.sde\sde_instar.DBO.tbllocation,LOC_NAME,-1,-1;DSWCHU1 DSWCHU1 true true false 5 Text 0 0 ,First,#,Database Connections\instar.sde\sde_instar.DBO.tbllocation,DSWCHU1,-1,-1;MIBI_SCORE MIBI_SCORE true true false 4 Text 0 0 ,First,#,Database Connections\instar.sde\sde_instar.DBO.tbllocation,MIBI_SCORE,-1,-1;STREAM STREAM true true false 32 Text 0 0 ,First,#,Database Connections\instar.sde\sde_instar.DBO.tbllocation,STREAM,-1,-1;DRAINAGE DRAINAGE true true false 18 Text 0 0 ,First,#,Database Connections\instar.sde\sde_instar.DBO.tbllocation,DRAINAGE,-1,-1;STREAM_ORDER STREAM_ORDER true true false 8 Double 8 38 ,First,#,Database Connections\instar.sde\sde_instar.DBO.tbllocation,STREAM_ORDER,-1,-1;BEAVER BEAVER true true false 8 Double 0 10 ,First,#,Database Connections\instar.sde\sde_instar.DBO.tbllocation,BEAVER,-1,-1;NOTES NOTES true true false 254 Text 0 0 ,First,#,Database Connections\instar.sde\sde_instar.DBO.tbllocation,NOTES,-1,-1;VSS VSS true true false 2 Short 0 5 ,First,#,Database Connections\instar.sde\sde_instar.DBO.tbllocation,VSS,-1,-1;PHYS_PROV PHYS_PROV true true false 8 Double 0 10 ,First,#,Database Connections\instar.sde\sde_instar.DBO.tbllocation,PHYS_PROV,-1,-1;SITECODE SITECODE true true false 8 Text 0 0 ,First,#,Database Connections\instar.sde\sde_instar.DBO.tbllocation,SITECODE,-1,-1;X X true true false 8 Double 11 19 ,First,#,Database Connections\instar.sde\sde_instar.DBO.tbllocation,X,-1,-1;Y Y true true false 8 Double 11 19 ,First,#,Database Connections\instar.sde\sde_instar.DBO.tbllocation,Y,-1,-1;SITECODE_6 SITECODE_6 true true false 7 Text 0 0 ,First,#,Database Connections\instar.sde\sde_instar.DBO.tbllocation,SITECODE_6,-1,-1;VAHU6 VAHU6 true true false 4 Text 0 0 ,First,#,Database Connections\instar.sde\sde_instar.DBO.tbllocation,VAHU6,-1,-1;HUC_12 HUC_12 true true false 12 Text 0 0 ,First,#,Database Connections\instar.sde\sde_instar.DBO.tbllocation,HUC_12,-1,-1;HU_12_DS HU_12_DS true true false 12 Text 0 0 ,First,#,Database Connections\instar.sde\sde_instar.DBO.tbllocation,HU_12_DS,-1,-1;AGENCY AGENCY true true false 20 Text 0 0 ,First,#,Database Connections\instar.sde\sde_instar.DBO.tbllocation,AGENCY,-1,-1;MODEL_NUM MODEL_NUM true true false 3 Text 0 0 ,First,#,Database Connections\instar.sde\sde_instar.DBO.tbllocation,MODEL_NUM,-1,-1;DATE_LOC_C DATE_LOC_C true true false 36 Date 0 0 ,First,#,Database Connections\instar.sde\sde_instar.DBO.tbllocation,DATE_LOC_C,-1,-1;PROTECT PROTECT true true false 7 Text 0 0 ,First,#,Database Connections\instar.sde\sde_instar.DBO.tbllocation,PROTECT,-1,-1;NEW_VSS NEW_VSS true true false 2 Short 0 5 ,First,#,Database Connections\instar.sde\sde_instar.DBO.tbllocation,NEW_VSS,-1,-1" # "Database Connections\instar.sde\sde_instar.DBO.tblLocation_fixed"</Process></lineage></DataProperties><SyncDate>20080326</SyncDate><SyncTime>10390700</SyncTime><ModDate>20080326</ModDate><ModTime>10390700</ModTime><MetaID>{A42B12B4-987B-4252-88A9-8BA03DE2B506}</MetaID></Esri><idinfo><native Sync="TRUE">Microsoft Windows 2000 Version 5.2 (Build 3790) Service Pack 2; ESRI ArcCatalog 9.2.2.1350</native><descript><langdata Sync="TRUE">en</langdata><abstract>REQUIRED: A brief narrative summary of the data set.</abstract><purpose>REQUIRED: A summary of the intentions with which the data set was developed.</purpose></descript><citation><citeinfo><origin>REQUIRED: The name of an organization or individual that developed the data set.</origin><pubdate>REQUIRED: The date when the data set is published or otherwise made available for release.</pubdate><title Sync="TRUE">sde_instar.DBO.tblLocation_fixed</title><ftname Sync="TRUE">sde_instar.DBO.tblLocation_fixed</ftname><geoform Sync="TRUE">vector digital data</geoform><onlink Sync="TRUE"></onlink></citeinfo></citation><timeperd><current>REQUIRED: The basis on which the time period of content information is determined.</current><timeinfo><sngdate><caldate>REQUIRED: The year (and optionally month, or month and day) for which the data set corresponds to the ground.</caldate></sngdate></timeinfo></timeperd><status><progress>REQUIRED: The state of the data set.</progress><update>REQUIRED: The frequency with which changes and additions are made to the data set after the initial data set is completed.</update></status><spdom><bounding><westbc Sync="TRUE">REQUIRED: Western-most coordinate of the limit of coverage expressed in longitude.</westbc><eastbc Sync="TRUE">REQUIRED: Eastern-most coordinate of the limit of coverage expressed in longitude.</eastbc><northbc Sync="TRUE">REQUIRED: Northern-most coordinate of the limit of coverage expressed in latitude.</northbc><southbc Sync="TRUE">REQUIRED: Southern-most coordinate of the limit of coverage expressed in latitude.</southbc></bounding></spdom><keywords><theme><themekt>REQUIRED: Reference to a formally registered thesaurus or a similar authoritative source of theme keywords.</themekt><themekey>REQUIRED: Common-use word or phrase used to describe the subject of the data set.</themekey></theme></keywords><accconst>REQUIRED: Restrictions and legal prerequisites for accessing the data set.</accconst><useconst>REQUIRED: Restrictions and legal prerequisites for using the data set after access is granted.</useconst><natvform Sync="TRUE">SDE Feature Class</natvform></idinfo><dataIdInfo><envirDesc Sync="TRUE">Microsoft Windows 2000 Version 5.2 (Build 3790) Service Pack 2; ESRI ArcCatalog 9.2.2.1350</envirDesc><dataLang><languageCode Sync="TRUE" value="en"></languageCode></dataLang><idCitation><resTitle Sync="TRUE">sde_instar.DBO.tblLocation_fixed</resTitle><presForm><PresFormCd Sync="TRUE" value="005"></PresFormCd></presForm></idCitation><spatRpType><SpatRepTypCd Sync="TRUE" value="001"></SpatRepTypCd></spatRpType></dataIdInfo><metainfo><langmeta Sync="TRUE">en</langmeta><metstdn Sync="TRUE">FGDC Content Standards for Digital Geospatial Metadata</metstdn><metstdv Sync="TRUE">FGDC-STD-001-1998</metstdv><mettc Sync="TRUE">local time</mettc><metc><cntinfo><cntorgp><cntper>REQUIRED: The person responsible for the metadata information.</cntper><cntorg>REQUIRED: The organization responsible for the metadata information.</cntorg></cntorgp><cntaddr><addrtype>REQUIRED: The mailing and/or physical address for the organization or individual.</addrtype><city>REQUIRED: The city of the address.</city><state>REQUIRED: The state or province of the address.</state><postal>REQUIRED: The ZIP or other postal code of the address.</postal></cntaddr><cntvoice>REQUIRED: The telephone number by which individuals can speak to the organization or individual.</cntvoice></cntinfo></metc><metd Sync="TRUE">20080326</metd><metextns><onlink Sync="TRUE">http://www.esri.com/metadata/esriprof80.html</onlink><metprof Sync="TRUE">ESRI Metadata Profile</metprof></metextns></metainfo><mdLang><languageCode Sync="TRUE" value="en"></languageCode></mdLang><mdStanName Sync="TRUE">ISO 19115 Geographic Information - Metadata</mdStanName><mdStanVer Sync="TRUE">DIS_ESRI1.0</mdStanVer><mdChar><CharSetCd Sync="TRUE" value="004"></CharSetCd></mdChar><mdHrLv><ScopeCd Sync="TRUE" value="005"></ScopeCd></mdHrLv><mdHrLvName Sync="TRUE">dataset</mdHrLvName><distinfo><resdesc Sync="TRUE">Downloadable Data</resdesc></distinfo><distInfo><distributor><distorTran><onLineSrc><orDesc Sync="TRUE">002</orDesc><linkage Sync="TRUE">file://</linkage><protocol Sync="TRUE">Local Area Network</protocol></onLineSrc></distorTran><distorFormat><formatName Sync="TRUE">SDE Feature Class</formatName></distorFormat></distributor></distInfo><spdoinfo><direct Sync="TRUE">Vector</direct><ptvctinf><esriterm Name="sde_instar.DBO.tblLocation_fixed"><efeatyp Sync="TRUE">Simple</efeatyp><efeageom Sync="TRUE">Point</efeageom><esritopo Sync="TRUE">FALSE</esritopo><efeacnt Sync="TRUE">0</efeacnt><spindex Sync="TRUE">FALSE</spindex><linrefer Sync="TRUE">FALSE</linrefer></esriterm><sdtsterm Name="sde_instar.DBO.tblLocation_fixed"><sdtstype Sync="TRUE">Entity point</sdtstype><ptvctcnt Sync="TRUE">0</ptvctcnt></sdtsterm></ptvctinf></spdoinfo><spref><horizsys><cordsysn><geogcsn Sync="TRUE">GCS_North_American_1983</geogcsn><projcsn Sync="TRUE">Lambert_Conformal_Conic_Virginia</projcsn></cordsysn><planar><planci><plance Sync="TRUE">coordinate pair</plance><plandu Sync="TRUE">meters</plandu><coordrep><absres Sync="TRUE">0.000348</absres><ordres Sync="TRUE">0.000348</ordres></coordrep></planci><mapproj><mapprojn Sync="TRUE">Lambert Conformal Conic</mapprojn><lambertc><stdparll Sync="TRUE">37.000000</stdparll><stdparll Sync="TRUE">39.500000</stdparll><longcm Sync="TRUE">-79.500000</longcm><latprjo Sync="TRUE">36.000000</latprjo><feast Sync="TRUE">0.000000</feast><fnorth Sync="TRUE">0.000000</fnorth></lambertc></mapproj></planar><geodetic><horizdn Sync="TRUE">North American Datum of 1983</horizdn><ellips Sync="TRUE">Geodetic Reference System 80</ellips><semiaxis Sync="TRUE">6378137.000000</semiaxis><denflat Sync="TRUE">298.257222</denflat></geodetic></horizsys><vertdef><altsys><altenc Sync="TRUE">Explicit elevation coordinate included with horizontal coordinates</altenc><altres Sync="TRUE">1.000000</altres></altsys></vertdef></spref><refSysInfo><RefSystem><refSysID><identCode Sync="TRUE">Lambert_Conformal_Conic_Virginia</identCode></refSysID></RefSystem></refSysInfo><spatRepInfo><VectSpatRep><topLvl><TopoLevCd Sync="TRUE" value="001"></TopoLevCd></topLvl><geometObjs Name="sde_instar.DBO.tblLocation_fixed"><geoObjTyp><GeoObjTypCd Sync="TRUE" value="004"></GeoObjTypCd></geoObjTyp><geoObjCnt Sync="TRUE">0</geoObjCnt></geometObjs></VectSpatRep></spatRepInfo><eainfo><detailed Name="sde_instar.DBO.tblLocation_fixed"><enttyp><enttypl Sync="TRUE">sde_instar.DBO.tblLocation_fixed</enttypl><enttypt Sync="TRUE">Feature Class</enttypt><enttypc Sync="TRUE">0</enttypc></enttyp><attr><attrlabl Sync="TRUE">OBJECTID</attrlabl><attalias Sync="TRUE">OBJECTID</attalias><attrtype Sync="TRUE">Double</attrtype><attwidth Sync="TRUE">8</attwidth><atprecis Sync="TRUE">10</atprecis><attscale Sync="TRUE">0</attscale></attr><attr><attrlabl Sync="TRUE">LOC_ID</attrlabl><attalias Sync="TRUE">LOC_ID</attalias><attrtype Sync="TRUE">Double</attrtype><attwidth Sync="TRUE">8</attwidth><atprecis Sync="TRUE">10</atprecis><attscale Sync="TRUE">0</attscale></attr><attr><attrlabl Sync="TRUE">LOC_CODE</attrlabl><attalias Sync="TRUE">LOC_CODE</attalias><attrtype Sync="TRUE">String</attrtype><attwidth Sync="TRUE">8</attwidth><atprecis Sync="TRUE">0</atprecis><attscale Sync="TRUE">0</attscale></attr><attr><attrlabl Sync="TRUE">LOC_NAME</attrlabl><attalias Sync="TRUE">LOC_NAME</attalias><attrtype Sync="TRUE">String</attrtype><attwidth Sync="TRUE">51</attwidth><atprecis Sync="TRUE">0</atprecis><attscale Sync="TRUE">0</attscale></attr><attr><attrlabl Sync="TRUE">DSWCHU1</attrlabl><attalias Sync="TRUE">DSWCHU1</attalias><attrtype Sync="TRUE">String</attrtype><attwidth Sync="TRUE">5</attwidth><atprecis Sync="TRUE">0</atprecis><attscale Sync="TRUE">0</attscale></attr><attr><attrlabl Sync="TRUE">MIBI_SCORE</attrlabl><attalias Sync="TRUE">MIBI_SCORE</attalias><attrtype Sync="TRUE">String</attrtype><attwidth Sync="TRUE">4</attwidth><atprecis Sync="TRUE">0</atprecis><attscale Sync="TRUE">0</attscale></attr><attr><attrlabl Sync="TRUE">STREAM</attrlabl><attalias Sync="TRUE">STREAM</attalias><attrtype Sync="TRUE">String</attrtype><attwidth Sync="TRUE">32</attwidth><atprecis Sync="TRUE">0</atprecis><attscale Sync="TRUE">0</attscale></attr><attr><attrlabl Sync="TRUE">DRAINAGE</attrlabl><attalias Sync="TRUE">DRAINAGE</attalias><attrtype Sync="TRUE">String</attrtype><attwidth Sync="TRUE">18</attwidth><atprecis Sync="TRUE">0</atprecis><attscale Sync="TRUE">0</attscale></attr><attr><attrlabl Sync="TRUE">STREAM_ORDER</attrlabl><attalias Sync="TRUE">STREAM_ORDER</attalias><attrtype Sync="TRUE">Double</attrtype><attwidth Sync="TRUE">8</attwidth><atprecis Sync="TRUE">38</atprecis><attscale Sync="TRUE">8</attscale></attr><attr><attrlabl Sync="TRUE">BEAVER</attrlabl><attalias Sync="TRUE">BEAVER</attalias><attrtype Sync="TRUE">Double</attrtype><attwidth Sync="TRUE">8</attwidth><atprecis Sync="TRUE">10</atprecis><attscale Sync="TRUE">0</attscale></attr><attr><attrlabl Sync="TRUE">NOTES</attrlabl><attalias Sync="TRUE">NOTES</attalias><attrtype Sync="TRUE">String</attrtype><attwidth Sync="TRUE">254</attwidth><atprecis Sync="TRUE">0</atprecis><attscale Sync="TRUE">0</attscale></attr><attr><attrlabl Sync="TRUE">VSS</attrlabl><attalias Sync="TRUE">VSS</attalias><attrtype Sync="TRUE">Double</attrtype><attwidth Sync="TRUE">8</attwidth><atprecis Sync="TRUE">10</atprecis><attscale Sync="TRUE">0</attscale></attr><attr><attrlabl Sync="TRUE">PHYS_PROV</attrlabl><attalias Sync="TRUE">PHYS_PROV</attalias><attrtype Sync="TRUE">Double</attrtype><attwidth Sync="TRUE">8</attwidth><atprecis Sync="TRUE">10</atprecis><attscale Sync="TRUE">0</attscale></attr><attr><attrlabl Sync="TRUE">SITECODE</attrlabl><attalias Sync="TRUE">SITECODE</attalias><attrtype Sync="TRUE">String</attrtype><attwidth Sync="TRUE">8</attwidth><atprecis Sync="TRUE">0</atprecis><attscale Sync="TRUE">0</attscale></attr><attr><attrlabl Sync="TRUE">X</attrlabl><attalias Sync="TRUE">X</attalias><attrtype Sync="TRUE">Double</attrtype><attwidth Sync="TRUE">8</attwidth><atprecis Sync="TRUE">19</atprecis><attscale Sync="TRUE">11</attscale></attr><attr><attrlabl Sync="TRUE">Y</attrlabl><attalias Sync="TRUE">Y</attalias><attrtype Sync="TRUE">Double</attrtype><attwidth Sync="TRUE">8</attwidth><atprecis Sync="TRUE">19</atprecis><attscale Sync="TRUE">11</attscale></attr><attr><attrlabl Sync="TRUE">SITECODE_6</attrlabl><attalias Sync="TRUE">SITECODE_6</attalias><attrtype Sync="TRUE">String</attrtype><attwidth Sync="TRUE">7</attwidth><atprecis Sync="TRUE">0</atprecis><attscale Sync="TRUE">0</attscale></attr><attr><attrlabl Sync="TRUE">VAHU6</attrlabl><attalias Sync="TRUE">VAHU6</attalias><attrtype Sync="TRUE">String</attrtype><attwidth Sync="TRUE">4</attwidth><atprecis Sync="TRUE">0</atprecis><attscale Sync="TRUE">0</attscale></attr><attr><attrlabl Sync="TRUE">HUC_12</attrlabl><attalias Sync="TRUE">HUC_12</attalias><attrtype Sync="TRUE">String</attrtype><attwidth Sync="TRUE">12</attwidth><atprecis Sync="TRUE">0</atprecis><attscale Sync="TRUE">0</attscale></attr><attr><attrlabl Sync="TRUE">HU_12_DS</attrlabl><attalias Sync="TRUE">HU_12_DS</attalias><attrtype Sync="TRUE">String</attrtype><attwidth Sync="TRUE">12</attwidth><atprecis Sync="TRUE">0</atprecis><attscale Sync="TRUE">0</attscale></attr><attr><attrlabl Sync="TRUE">AGENCY</attrlabl><attalias Sync="TRUE">AGENCY</attalias><attrtype Sync="TRUE">String</attrtype><attwidth Sync="TRUE">20</attwidth><atprecis Sync="TRUE">0</atprecis><attscale Sync="TRUE">0</attscale></attr><attr><attrlabl Sync="TRUE">MODEL_NUM</attrlabl><attalias Sync="TRUE">MODEL_NUM</attalias><attrtype Sync="TRUE">String</attrtype><attwidth Sync="TRUE">3</attwidth><atprecis Sync="TRUE">0</atprecis><attscale Sync="TRUE">0</attscale></attr><attr><attrlabl Sync="TRUE">DATE_LOC_C</attrlabl><attalias Sync="TRUE">DATE_LOC_C</attalias><attrtype Sync="TRUE">Date</attrtype><attwidth Sync="TRUE">36</attwidth><atprecis Sync="TRUE">0</atprecis><attscale Sync="TRUE">0</attscale></attr><attr><attrlabl Sync="TRUE">SHAPE</attrlabl><attalias Sync="TRUE">Shape</attalias><attrtype Sync="TRUE">Geometry</attrtype><attwidth Sync="TRUE">4</attwidth><atprecis Sync="TRUE">0</atprecis><attscale Sync="TRUE">0</attscale><attrdef Sync="TRUE">Feature geometry.</attrdef><attrdefs Sync="TRUE">ESRI</attrdefs><attrdomv><udom Sync="TRUE">Coordinates defining the features.</udom></attrdomv></attr><attr><attrlabl Sync="TRUE">PROTECT</attrlabl><attalias Sync="TRUE">PROTECT</attalias><attrtype Sync="TRUE">String</attrtype><attwidth Sync="TRUE">7</attwidth><atprecis Sync="TRUE">0</atprecis><attscale Sync="TRUE">0</attscale></attr><attr><attrlabl Sync="TRUE">NEW_VSS</attrlabl><attalias Sync="TRUE">NEW_VSS</attalias><attrtype Sync="TRUE">SmallInteger</attrtype><attwidth Sync="TRUE">2</attwidth><atprecis Sync="TRUE">5</atprecis><attscale Sync="TRUE">0</attscale></attr></detailed></eainfo><mdDateSt Sync="TRUE">20080326</mdDateSt><dataqual><lineage><procstep><procdesc Sync="TRUE">Dataset copied.</procdesc><srcused Sync="TRUE">Server=128.172.160.129; Service=5151; Database=sde_instar; User=wshuart; Version=sde.DEFAULT</srcused><date Sync="TRUE">20080311</date><time Sync="TRUE">09172600</time></procstep><procstep><procdesc Sync="TRUE">Dataset copied.</procdesc><srcused Sync="TRUE">Server=128.172.160.129; Service=5151; Database=sde_instar; User=sde_editor; Version=sde.DEFAULT</srcused><date Sync="TRUE">20080424</date><time Sync="TRUE">15440600</time></procstep><procstep><procdesc Sync="TRUE">Dataset copied.</procdesc><srcused Sync="TRUE"></srcused><date Sync="TRUE">20080429</date><time Sync="TRUE">12005200</time></procstep><procstep><procdesc Sync="TRUE">Dataset copied.</procdesc><srcused Sync="TRUE"></srcused><date Sync="TRUE">20080806</date><time Sync="TRUE">14114400</time></procstep></lineage></dataqual></metadata>
