<?xml version="1.0"?>
<!--<!DOCTYPE metadata SYSTEM "http://www.esri.com/metadata/esriprof80.dtd">-->
<metadata xml:lang="en"><Esri><CreaDate>20180109</CreaDate><CreaTime>15062200</CreaTime><SyncOnce>TRUE</SyncOnce><DataProperties><lineage><Process Name="Project_1" ToolSource="C:\Program Files\ArcGIS\ArcToolbox\Toolboxes\Data Management Tools.tbx\Project" Date="20080830" Time="135210">Project D:\envs602\classes\Class3\Assignment3\asst3_data\vanwbd6order_2000impervsurface.shp D:\envs602\classes\Class3\Assignment3\asst3_data\vanwbd6order_lam83.shp PROJCS['NAD_1983_Lambert_Conformal_Conic',GEOGCS['GCS_North_American_1983',DATUM['D_North_American_1983',SPHEROID['GRS_1980',6378137.0,298.257222101]],PRIMEM['Greenwich',0.0],UNIT['Degree',0.0174532925199433]],PROJECTION['Lambert_Conformal_Conic'],PARAMETER['False_Easting',0.0],PARAMETER['False_Northing',0.0],PARAMETER['Central_Meridian',-79.5],PARAMETER['Standard_Parallel_1',37.0],PARAMETER['Standard_Parallel_2',39.5],PARAMETER['Latitude_Of_Origin',36.0],UNIT['Meter',1.0]] # GEOGCS['GCS_North_American_1983',DATUM['D_North_American_1983',SPHEROID['GRS_1980',6378137.0,298.257222101]],PRIMEM['Greenwich',0.0],UNIT['Degree',0.0174532925199433]]</Process></lineage><itemProps><itemLocation><linkage Sync="TRUE">file://\\VLS-TLS-JC-WP1\D$\courses\courses_2018\envs521\class3\data\data\vanwbd6order_lam83</linkage><protocol Sync="TRUE">Local Area Network</protocol></itemLocation></itemProps><copyHistory><copy source="D:\courses\courses_2018\envs521\class2\data\vector\vanwbd6order_lam83" dest="\\VLS-TLS-JC-WP1\D$\courses\courses_2018\envs521\class3\data\data\vanwbd6order_lam83" date="20180109" time="15062200"></copy></copyHistory></DataProperties><ArcGISFormat>1.0</ArcGISFormat><ArcGISstyle>FGDC CSDGM Metadata</ArcGISstyle></Esri><idinfo><citation><citeinfo><onlink Sync="TRUE">\\LFSCB0105-99\D$\envs602\Class3\data\vanwbd6order_lam83</onlink></citeinfo></citation></idinfo><distInfo><distributor><distorTran><onLineSrc><linkage Sync="TRUE">file://\\LFSCB0105-99\D$\envs602\Class3\data\vanwbd6order_lam83</linkage><protocol Sync="TRUE">Local Area Network</protocol></onLineSrc></distorTran></distributor></distInfo><dataqual><lineage><procstep><procdesc Sync="TRUE">Dataset copied.</procdesc><srcused Sync="TRUE">I:\ENVS602\Class3\data\vanwbd6order_lam83</srcused><procdate Sync="TRUE">20090828</procdate><proctime Sync="TRUE">10531700</proctime></procstep></lineage></dataqual></metadata>
